<?xml version="1.0" ?>
<LOG_ROOT>
	<PROJECT NAME="ALU">
		<CBX_INST_ENTRY INSTANCE_NAME="|BUS_CanKiziloz_2017510055|ALU:inst|lpm_add_sub0:inst5|lpm_add_sub:LPM_ADD_SUB_component" CBX_FILE_NAME="add_sub_5ki.tdf"/>
		<CBX_INST_ENTRY INSTANCE_NAME="|BUS_CanKiziloz_2017510055|DataMemory:inst3|altsyncram:altsyncram_component" CBX_FILE_NAME="altsyncram_9ot1.tdf"/>
		<CBX_INST_ENTRY INSTANCE_NAME="|BUS_CanKiziloz_2017510055|muxmuxnew:inst8|LPM_MUX:LPM_MUX_component" CBX_FILE_NAME="mux_g6e.tdf"/>
		<CBX_INST_ENTRY INSTANCE_NAME="|BUS_CanKiziloz_2017510055|newCounter:register1|lpm_counter:LPM_COUNTER_component" CBX_FILE_NAME="cntr_pqj.tdf"/>
		<CBX_INST_ENTRY INSTANCE_NAME="|BUS_CanKiziloz_2017510055|ALU:inst|Muxmux:inst14|LPM_MUX:LPM_MUX_component" CBX_FILE_NAME="mux_f6e.tdf"/>
		<CBX_INST_ENTRY INSTANCE_NAME="|BUS_CanKiziloz_2017510055|CU_CanKiziloz_2017510055:inst26|SeqCounter:inst|lpm_counter:LPM_COUNTER_component" CBX_FILE_NAME="cntr_cri.tdf"/>
		<CBX_INST_ENTRY INSTANCE_NAME="|BUS_CanKiziloz_2017510055|InstructionMemory:inst4|altsyncram:altsyncram_component" CBX_FILE_NAME="altsyncram_obb1.tdf"/>
		<CBX_INST_ENTRY INSTANCE_NAME="|BUS_CanKiziloz_2017510055|muxNew11:inst18|LPM_MUX:LPM_MUX_component" CBX_FILE_NAME="mux_h6e.tdf"/>
		<CBX_INST_ENTRY INSTANCE_NAME="|BUS_CanKiziloz_2017510055|muxNew2:inst10|LPM_MUX:LPM_MUX_component" CBX_FILE_NAME="mux_1qc.tdf"/>
		<CBX_INST_ENTRY INSTANCE_NAME="|BUS_CanKiziloz_2017510055|muxNew2:inst9|LPM_MUX:LPM_MUX_component" CBX_FILE_NAME="mux_1qc.tdf"/>
		<CBX_INST_ENTRY INSTANCE_NAME="|BUS_CanKiziloz_2017510055|newCounter:register2|lpm_counter:LPM_COUNTER_component" CBX_FILE_NAME="cntr_pqj.tdf"/>
		<CBX_INST_ENTRY INSTANCE_NAME="|BUS_CanKiziloz_2017510055|ALU:inst|newMux:inst15|LPM_MUX:LPM_MUX_component" CBX_FILE_NAME="mux_7qc.tdf"/>
		<CBX_INST_ENTRY INSTANCE_NAME="|BUS_CanKiziloz_2017510055|CU_CanKiziloz_2017510055:inst26|CUDecoder:inst4|lpm_decode:LPM_DECODE_component" CBX_FILE_NAME="decode_lbf.tdf"/>
		<CBX_INST_ENTRY INSTANCE_NAME="|BUS_CanKiziloz_2017510055|CU_CanKiziloz_2017510055:inst26|const0:inst70|lpm_constant:LPM_CONSTANT_component" CBX_FILE_NAME="lpm_constant_3e6.tdf"/>
		<CBX_INST_ENTRY INSTANCE_NAME="|BUS_CanKiziloz_2017510055|StackMemory:inst1|altsyncram:altsyncram_component" CBX_FILE_NAME="altsyncram_bji1.tdf"/>
		<CBX_INST_ENTRY INSTANCE_NAME="|BUS_CanKiziloz_2017510055|muxNew2:inst11|LPM_MUX:LPM_MUX_component" CBX_FILE_NAME="mux_1qc.tdf"/>
		<CBX_INST_ENTRY INSTANCE_NAME="|BUS_CanKiziloz_2017510055|muxmuxnew:inst2|LPM_MUX:LPM_MUX_component" CBX_FILE_NAME="mux_g6e.tdf"/>
		<CBX_INST_ENTRY INSTANCE_NAME="|BUS_CanKiziloz_2017510055|ALU:inst|newMux3:inst13|LPM_MUX:LPM_MUX_component" CBX_FILE_NAME="mux_1qc.tdf"/>
		<CBX_INST_ENTRY INSTANCE_NAME="|BUS_CanKiziloz_2017510055|ALU:inst|onebitreg:inst|lpm_counter:LPM_COUNTER_component" CBX_FILE_NAME="cntr_2cj.tdf"/>
		<CBX_INST_ENTRY INSTANCE_NAME="|BUS_CanKiziloz_2017510055|muxNew2:inst12|LPM_MUX:LPM_MUX_component" CBX_FILE_NAME="mux_1qc.tdf"/>
		<CBX_INST_ENTRY INSTANCE_NAME="|BUS_CanKiziloz_2017510055|muxNew:inst5|LPM_MUX:LPM_MUX_component" CBX_FILE_NAME="mux_3qc.tdf"/>
		<CBX_INST_ENTRY INSTANCE_NAME="|BUS_CanKiziloz_2017510055|newCounter2:program_counter|lpm_counter:LPM_COUNTER_component" CBX_FILE_NAME="cntr_6cj.tdf"/>
		<CBX_INST_ENTRY INSTANCE_NAME="|BUS_CanKiziloz_2017510055|newCounter3:instruction_register|lpm_counter:LPM_COUNTER_component" CBX_FILE_NAME="cntr_jdj.tdf"/>
		<CBX_INST_ENTRY INSTANCE_NAME="|BUS_CanKiziloz_2017510055|newMux3:inst19|LPM_MUX:LPM_MUX_component" CBX_FILE_NAME="mux_1qc.tdf"/>
		<CBX_INST_ENTRY INSTANCE_NAME="|BUS_CanKiziloz_2017510055|ALU:inst|muxnew10:inst16|LPM_MUX:LPM_MUX_component" CBX_FILE_NAME="mux_96e.tdf"/>
		<CBX_INST_ENTRY INSTANCE_NAME="|BUS_CanKiziloz_2017510055|ALU:inst|shifter:inst1|lpm_clshift:LPM_CLSHIFT_component" CBX_FILE_NAME="lpm_clshift_ued.tdf"/>
		<CBX_INST_ENTRY INSTANCE_NAME="|BUS_CanKiziloz_2017510055|CU_CanKiziloz_2017510055:inst26|CUDecoder:inst60|lpm_decode:LPM_DECODE_component" CBX_FILE_NAME="decode_lbf.tdf"/>
		<CBX_INST_ENTRY INSTANCE_NAME="|BUS_CanKiziloz_2017510055|lpm_constant0:inst17|lpm_constant:LPM_CONSTANT_component" CBX_FILE_NAME="lpm_constant_7e6.tdf"/>
		<CBX_INST_ENTRY INSTANCE_NAME="|BUS_CanKiziloz_2017510055|muxNew2:inst13|LPM_MUX:LPM_MUX_component" CBX_FILE_NAME="mux_1qc.tdf"/>
		<CBX_INST_ENTRY INSTANCE_NAME="|BUS_CanKiziloz_2017510055|muxNew:inst6|LPM_MUX:LPM_MUX_component" CBX_FILE_NAME="mux_3qc.tdf"/>
		<CBX_INST_ENTRY INSTANCE_NAME="|BUS_CanKiziloz_2017510055|newCounter4:stack_pointer|lpm_counter:LPM_COUNTER_component" CBX_FILE_NAME="cntr_nih.tdf"/>
		<CBX_INST_ENTRY INSTANCE_NAME="|BUS_CanKiziloz_2017510055|newCounter:address_register|lpm_counter:LPM_COUNTER_component" CBX_FILE_NAME="cntr_pqj.tdf"/>
		<CBX_INST_ENTRY INSTANCE_NAME="|BUS_CanKiziloz_2017510055|newMux3:inst21|LPM_MUX:LPM_MUX_component" CBX_FILE_NAME="mux_1qc.tdf"/>
		<CBX_INST_ENTRY INSTANCE_NAME="|BUS_CanKiziloz_2017510055|CU_CanKiziloz_2017510055:inst26|decodeDec:inst23|lpm_decode:LPM_DECODE_component" CBX_FILE_NAME="decode_0af.tdf"/>
		<CBX_INST_ENTRY INSTANCE_NAME="|BUS_CanKiziloz_2017510055|const0:inst22|lpm_constant:LPM_CONSTANT_component" CBX_FILE_NAME="lpm_constant_3e6.tdf"/>
		<CBX_INST_ENTRY INSTANCE_NAME="|BUS_CanKiziloz_2017510055|muxnew10:inst15|LPM_MUX:LPM_MUX_component" CBX_FILE_NAME="mux_96e.tdf"/>
		<CBX_INST_ENTRY INSTANCE_NAME="|BUS_CanKiziloz_2017510055|newCounter:input_register|lpm_counter:LPM_COUNTER_component" CBX_FILE_NAME="cntr_pqj.tdf"/>
		<CBX_INST_ENTRY INSTANCE_NAME="|BUS_CanKiziloz_2017510055|newCounter:output_register|lpm_counter:LPM_COUNTER_component" CBX_FILE_NAME="cntr_pqj.tdf"/>
		<CBX_INST_ENTRY INSTANCE_NAME="|BUS_CanKiziloz_2017510055|newCounter:register0|lpm_counter:LPM_COUNTER_component" CBX_FILE_NAME="cntr_pqj.tdf"/>
	</PROJECT>
</LOG_ROOT>
